item_id,category,brand,price,cost,launch_date
i200000,Grocery,PantryPlus,34.3,14.36,2023-12-03
i200001,Grocery,FreshFarm,68.44,46.46,2024-11-04
i200002,Sports,ProFit,391.53,164.61,2023-12-03
i200003,Home,CasaBella,800.0,568.55,2025-06-30
i200004,Sports,MoveWell,330.14,135.58,2023-04-26
i200005,Home,HomeEase,223.75,165.95,2023-07-22
i200006,Home,HomeEase,279.62,161.3,2024-05-20
i200007,Grocery,FreshFarm,13.38,10.22,2023-10-05
i200008,Electronics,ElecMax,3339.59,2221.61,2023-05-05
i200009,Beauty,Beautify,300.0,175.43,2024-01-13
i200010,Electronics,ElecMax,2409.9,1543.95,2023-02-25
i200011,Home,CasaBella,51.86,36.78,2025-08-21
i200012,Fashion,UrbanStyle,263.87,108.99,2025-05-26
i200013,Electronics,ElecMax,5000.0,2670.6,2023-08-24
i200014,Electronics,ElecMax,1563.65,1228.88,2023-12-19
i200015,Fashion,TrendWear,513.78,308.31,2025-08-26
i200016,Beauty,GlowUp,39.77,26.8,2025-08-06
i200017,Grocery,FreshFarm,35.83,27.61,2025-04-05
i200018,Fashion,ClassicCloth,188.32,105.66,2025-07-17
i200019,Fashion,ClassicCloth,386.02,223.78,2024-04-20
i200020,Electronics,ElecMax,697.21,381.98,2024-07-15
i200021,Sports,Sportive,274.74,165.96,2023-10-15
i200022,Toys,FunTime,163.01,81.24,2025-01-19
i200023,Electronics,GigaPro,820.03,572.26,2023-02-08
i200024,Electronics,Techio,1309.72,946.68,2023-06-27
i200025,Grocery,DailyGood,63.03,49.25,2024-05-10
i200026,Home,CasaBella,99.95,72.25,2023-05-16
i200027,Beauty,PureSkin,15.47,12.38,2023-04-18
i200028,Sports,ProFit,225.28,147.91,2025-03-28
i200029,Sports,ProFit,307.68,222.72,2023-03-02
i200030,Beauty,Beautify,26.62,18.94,2024-05-13
i200031,Home,ComfortCo,190.08,133.14,2024-03-13
i200032,Toys,Playful,78.95,50.4,2023-12-21
i200033,Beauty,PureSkin,191.26,104.97,2023-07-15
i200034,Fashion,TrendWear,256.39,174.82,2023-03-30
i200035,Sports,ProFit,90.89,37.24,2024-04-25
i200036,Home,ComfortCo,452.84,279.61,2025-11-18
i200037,Fashion,TrendWear,485.6,379.9,2025-11-11
i200038,Home,HomeEase,531.46,295.57,2023-08-16
i200039,Fashion,UrbanStyle,53.25,24.38,2025-02-02
i200040,Beauty,GlowUp,98.49,48.26,2023-03-06
i200041,Fashion,UrbanStyle,144.45,96.74,2025-10-14
i200042,Beauty,PureSkin,106.43,57.55,2023-03-04
i200043,Fashion,ClassicCloth,616.23,270.54,2025-12-06
i200044,Electronics,NovaTek,2242.05,1783.44,2024-06-16
i200045,Electronics,ElecMax,2916.83,2202.17,2023-06-22
i200046,Fashion,ClassicCloth,105.06,66.76,2024-08-05
i200047,Fashion,UrbanStyle,143.06,68.12,2025-03-15
i200048,Toys,KidJoy,33.84,22.61,2023-07-22
i200049,Home,HomeEase,642.21,351.8,2023-05-23
i200050,Toys,Playful,114.76,81.64,2024-04-16
i200051,Sports,ProFit,414.0,301.56,2025-10-12
i200052,Home,CasaBella,337.2,235.78,2025-11-04
i200053,Grocery,DailyGood,48.4,21.85,2024-09-25
i200054,Home,CasaBella,108.98,67.88,2023-11-26
i200055,Beauty,Beautify,26.3,17.58,2025-07-24
i200056,Grocery,DailyGood,98.05,52.26,2023-06-01
i200057,Home,CasaBella,450.99,295.78,2025-09-26
i200058,Electronics,Techio,611.2,485.42,2023-05-20
i200059,Fashion,ClassicCloth,283.59,128.91,2025-04-24
i200060,Sports,ProFit,188.91,138.08,2025-11-16
i200061,Electronics,ElecMax,1123.87,541.88,2023-02-06
i200062,Electronics,Techio,1610.13,824.63,2023-04-16
i200063,Electronics,NovaTek,997.61,714.64,2023-06-04
i200064,Sports,ProFit,372.06,241.51,2025-03-09
i200065,Grocery,FreshFarm,36.25,25.37,2023-01-03
i200066,Grocery,FreshFarm,44.74,30.7,2023-07-22
i200067,Grocery,DailyGood,12.98,5.42,2025-02-17
i200068,Fashion,UrbanStyle,265.38,177.99,2024-04-26
i200069,Beauty,PureSkin,10.53,8.34,2023-03-07
i200070,Grocery,PantryPlus,53.07,37.08,2024-10-12
i200071,Grocery,DailyGood,46.52,29.65,2023-06-19
i200072,Electronics,Techio,485.4,260.67,2023-02-01
i200073,Electronics,NovaTek,3252.2,1894.55,2023-09-19
i200074,Fashion,UrbanStyle,397.6,315.77,2025-08-15
i200075,Electronics,Techio,1824.22,1019.56,2025-06-28
i200076,Toys,KidJoy,116.14,49.46,2023-10-23
i200077,Sports,MoveWell,914.68,675.65,2024-08-26
i200078,Sports,Sportive,229.12,151.83,2024-09-14
i200079,Grocery,PantryPlus,159.24,95.4,2025-01-23
i200080,Grocery,PantryPlus,95.88,48.34,2023-01-22
i200081,Fashion,TrendWear,64.96,50.42,2025-11-22
i200082,Electronics,Techio,1061.98,473.92,2025-06-26
i200083,Electronics,Techio,296.81,140.31,2023-08-10
i200084,Grocery,FreshFarm,59.52,27.79,2023-03-22
i200085,Home,ComfortCo,229.92,123.29,2023-08-13
i200086,Electronics,GigaPro,3639.82,2289.12,2025-06-28
i200087,Beauty,PureSkin,185.68,92.51,2024-08-25
i200088,Fashion,ClassicCloth,49.34,31.64,2025-02-19
i200089,Grocery,PantryPlus,23.03,14.26,2023-12-08
i200090,Electronics,Techio,2399.9,1341.28,2023-02-21
i200091,Beauty,Beautify,55.73,38.95,2024-06-05
i200092,Toys,Playful,53.03,22.07,2024-07-23
i200093,Grocery,FreshFarm,83.07,39.16,2023-10-17
i200094,Electronics,Techio,489.0,299.85,2025-01-11
i200095,Toys,FunTime,64.41,27.24,2025-07-24
i200096,Toys,Playful,65.94,44.64,2025-06-17
i200097,Home,ComfortCo,139.34,67.47,2024-05-21
i200098,Fashion,UrbanStyle,104.06,66.85,2023-06-24
i200099,Grocery,FreshFarm,54.83,24.57,2024-06-22
i200100,Sports,ProFit,799.72,605.42,2023-06-29
i200101,Electronics,NovaTek,2116.19,980.21,2024-10-02
i200102,Grocery,FreshFarm,36.99,27.96,2025-10-28
i200103,Grocery,PantryPlus,14.49,9.34,2024-08-10
i200104,Fashion,UrbanStyle,364.21,200.83,2024-07-07
i200105,Toys,Playful,22.75,10.2,2023-09-15
i200106,Toys,KidJoy,31.77,14.51,2025-07-02
i200107,Fashion,UrbanStyle,156.69,118.51,2023-10-12
i200108,Fashion,TrendWear,190.1,89.85,2025-07-27
i200109,Sports,MoveWell,141.68,63.19,2024-02-02
i200110,Home,HomeEase,587.32,382.07,2024-07-10
i200111,Beauty,GlowUp,181.96,117.68,2024-12-17
i200112,Fashion,ClassicCloth,433.81,340.51,2023-01-12
i200113,Electronics,NovaTek,1754.99,1368.25,2024-06-10
i200114,Home,CasaBella,77.46,49.55,2024-08-13
i200115,Beauty,Beautify,29.73,23.01,2023-12-04
i200116,Grocery,DailyGood,106.35,55.96,2023-10-04
i200117,Grocery,PantryPlus,33.55,23.28,2023-11-17
i200118,Grocery,DailyGood,61.17,29.99,2023-09-30
i200119,Home,ComfortCo,468.19,271.86,2023-11-04
i200120,Grocery,FreshFarm,84.83,37.36,2024-08-26
i200121,Fashion,TrendWear,800.0,583.26,2023-06-12
i200122,Grocery,PantryPlus,53.95,29.8,2023-01-13
i200123,Home,ComfortCo,340.2,228.76,2025-05-28
i200124,Fashion,TrendWear,554.29,431.1,2025-12-20
i200125,Electronics,ElecMax,270.85,127.62,2024-04-03
i200126,Grocery,FreshFarm,29.83,20.24,2025-03-30
i200127,Sports,ProFit,339.36,201.24,2023-07-09
i200128,Fashion,ClassicCloth,188.92,100.28,2025-08-11
i200129,Electronics,Techio,4862.33,2476.38,2025-11-13
i200130,Sports,Sportive,182.16,95.25,2025-04-08
i200131,Electronics,GigaPro,408.18,239.54,2024-08-28
i200132,Electronics,ElecMax,5000.0,3233.75,2024-02-04
i200133,Beauty,PureSkin,66.75,49.69,2023-05-01
i200134,Electronics,GigaPro,1179.92,881.58,2023-06-23
i200135,Electronics,GigaPro,1043.16,679.86,2025-04-25
i200136,Sports,Sportive,1000.0,679.06,2023-04-30
i200137,Fashion,UrbanStyle,254.78,111.42,2025-10-09
i200138,Electronics,ElecMax,1408.97,1058.85,2024-02-14
i200139,Electronics,ElecMax,2316.53,1330.95,2025-09-10
i200140,Grocery,PantryPlus,21.32,14.15,2023-12-29
i200141,Electronics,NovaTek,1256.79,735.38,2025-09-01
i200142,Fashion,ClassicCloth,114.74,90.42,2025-11-06
i200143,Fashion,UrbanStyle,118.39,91.73,2025-10-05
i200144,Beauty,GlowUp,122.75,90.58,2025-03-13
i200145,Grocery,DailyGood,59.8,28.09,2024-06-07
i200146,Sports,MoveWell,180.06,128.16,2025-06-27
i200147,Toys,FunTime,10.0,5.51,2023-06-05
i200148,Fashion,UrbanStyle,73.88,42.72,2023-10-19
i200149,Beauty,GlowUp,123.77,55.23,2023-04-22
i200150,Electronics,NovaTek,542.96,355.24,2024-10-03
i200151,Electronics,Techio,1347.0,796.1,2023-01-31
i200152,Grocery,PantryPlus,16.17,8.4,2023-01-25
i200153,Beauty,GlowUp,192.97,104.08,2023-04-21
i200154,Electronics,NovaTek,735.95,334.16,2024-05-09
i200155,Electronics,Techio,1653.73,1073.23,2024-02-02
i200156,Grocery,FreshFarm,11.62,8.84,2025-10-02
i200157,Home,ComfortCo,164.39,107.09,2023-07-13
i200158,Fashion,TrendWear,800.0,626.96,2025-11-22
i200159,Toys,KidJoy,38.54,18.32,2023-10-31
i200160,Grocery,PantryPlus,12.02,5.66,2023-06-06
i200161,Grocery,FreshFarm,200.0,111.01,2025-07-17
i200162,Grocery,PantryPlus,59.9,35.45,2023-07-06
i200163,Home,ComfortCo,800.0,610.78,2025-07-05
i200164,Fashion,UrbanStyle,800.0,615.54,2023-02-26
i200165,Sports,ProFit,98.16,76.9,2024-01-10
i200166,Grocery,FreshFarm,55.92,41.96,2024-07-17
i200167,Fashion,UrbanStyle,65.37,50.84,2025-11-27
i200168,Sports,MoveWell,160.41,79.33,2025-09-17
i200169,Grocery,FreshFarm,33.72,13.66,2023-10-23
i200170,Grocery,FreshFarm,46.1,19.5,2025-10-22
i200171,Sports,ProFit,118.24,76.46,2023-09-09
i200172,Beauty,Beautify,21.63,10.54,2024-08-05
i200173,Beauty,GlowUp,54.62,39.93,2023-02-27
i200174,Grocery,FreshFarm,62.17,25.54,2024-01-18
i200175,Sports,Sportive,618.85,375.54,2024-07-14
i200176,Home,ComfortCo,98.49,68.26,2025-06-10
i200177,Home,HomeEase,278.8,219.47,2023-05-12
i200178,Home,CasaBella,53.21,34.28,2023-03-09
i200179,Beauty,GlowUp,39.75,25.68,2023-03-12
i200180,Sports,ProFit,239.15,172.71,2025-01-09
i200181,Electronics,GigaPro,536.43,326.22,2024-06-01
i200182,Toys,KidJoy,34.04,18.2,2025-08-04
i200183,Beauty,GlowUp,87.03,50.79,2024-04-26
i200184,Home,ComfortCo,212.61,102.65,2025-08-14
i200185,Grocery,PantryPlus,51.67,29.3,2025-05-04
i200186,Fashion,ClassicCloth,193.04,109.14,2025-12-01
i200187,Fashion,UrbanStyle,85.4,56.53,2025-11-10
i200188,Fashion,TrendWear,586.92,335.31,2023-10-31
i200189,Beauty,Beautify,93.61,74.11,2025-11-09
i200190,Electronics,Techio,5000.0,2302.66,2023-01-08
i200191,Electronics,NovaTek,2775.56,1203.1,2024-02-05
i200192,Fashion,UrbanStyle,147.67,63.77,2023-02-16
i200193,Toys,KidJoy,40.73,16.99,2025-05-13
i200194,Beauty,Beautify,104.94,48.41,2023-07-14
i200195,Grocery,DailyGood,22.21,9.31,2025-11-18
i200196,Sports,MoveWell,252.68,146.61,2023-12-17
i200197,Electronics,GigaPro,2136.75,969.28,2025-05-07
i200198,Fashion,TrendWear,552.0,286.58,2025-08-19
i200199,Beauty,GlowUp,38.42,28.78,2024-10-30
i200200,Electronics,Techio,4944.13,2886.12,2023-10-21
i200201,Electronics,ElecMax,1006.03,745.44,2023-02-13
i200202,Grocery,DailyGood,67.91,34.81,2025-10-01
i200203,Sports,ProFit,227.78,111.19,2025-12-28
i200204,Sports,Sportive,409.61,320.67,2023-02-14
i200205,Beauty,Beautify,54.55,39.48,2025-03-02
i200206,Grocery,FreshFarm,43.6,29.33,2023-12-17
i200207,Home,CasaBella,190.19,102.71,2023-09-04
i200208,Grocery,FreshFarm,33.73,17.92,2024-12-30
i200209,Electronics,ElecMax,525.54,325.53,2023-10-01
i200210,Grocery,FreshFarm,49.98,35.82,2023-06-12
i200211,Grocery,PantryPlus,24.41,17.08,2025-04-13
i200212,Electronics,ElecMax,181.53,73.57,2024-07-22
i200213,Electronics,Techio,1344.9,556.45,2023-10-25
i200214,Electronics,ElecMax,1972.4,1377.44,2024-07-09
i200215,Sports,ProFit,184.85,144.66,2025-04-21
i200216,Sports,MoveWell,616.11,489.01,2023-04-05
i200217,Electronics,ElecMax,3441.58,2103.9,2023-06-09
i200218,Fashion,ClassicCloth,130.16,101.07,2025-09-07
i200219,Home,HomeEase,141.09,103.34,2025-05-10
i200220,Fashion,UrbanStyle,117.97,76.46,2024-07-24
i200221,Home,CasaBella,152.55,112.44,2023-03-24
i200222,Fashion,UrbanStyle,212.42,145.52,2024-10-13
i200223,Sports,ProFit,115.88,47.42,2023-02-19
i200224,Home,CasaBella,212.59,97.99,2024-02-29
i200225,Home,HomeEase,445.41,259.21,2023-12-25
i200226,Fashion,ClassicCloth,338.86,236.99,2024-09-18
i200227,Grocery,PantryPlus,48.78,35.1,2024-02-21
i200228,Sports,Sportive,921.29,436.13,2024-04-12
i200229,Grocery,DailyGood,74.14,51.75,2023-02-20
i200230,Grocery,FreshFarm,12.03,6.52,2025-07-12
i200231,Beauty,PureSkin,107.9,57.57,2023-10-31
i200232,Home,ComfortCo,162.98,112.91,2023-08-16
i200233,Home,HomeEase,133.29,76.06,2023-06-06
i200234,Beauty,GlowUp,180.38,110.38,2024-09-25
i200235,Beauty,GlowUp,77.8,62.18,2024-10-02
i200236,Beauty,Beautify,99.38,73.95,2023-12-12
i200237,Fashion,UrbanStyle,132.18,65.9,2024-12-25
i200238,Toys,Playful,23.86,12.77,2024-06-01
i200239,Fashion,UrbanStyle,177.58,76.1,2024-03-18
i200240,Fashion,UrbanStyle,633.5,425.96,2025-11-30
i200241,Beauty,PureSkin,188.73,122.04,2025-12-15
i200242,Grocery,PantryPlus,56.62,29.96,2023-06-16
i200243,Toys,FunTime,24.31,18.29,2023-06-21
i200244,Grocery,PantryPlus,48.62,29.6,2024-06-29
i200245,Beauty,Beautify,104.0,64.09,2024-10-28
i200246,Beauty,Beautify,46.73,27.22,2025-01-02
i200247,Grocery,FreshFarm,39.07,26.93,2023-04-29
i200248,Electronics,ElecMax,3638.81,2462.73,2025-11-04
i200249,Grocery,DailyGood,68.24,36.04,2025-05-04
i200250,Beauty,Beautify,169.96,131.95,2023-10-13
i200251,Fashion,UrbanStyle,354.92,278.75,2023-03-15
i200252,Fashion,TrendWear,800.0,576.39,2023-03-18
i200253,Electronics,Techio,3037.11,1626.7,2024-01-07
i200254,Home,HomeEase,800.0,528.41,2025-02-07
i200255,Fashion,TrendWear,133.27,65.52,2025-02-27
i200256,Toys,KidJoy,41.88,31.72,2024-12-13
i200257,Home,ComfortCo,54.57,33.03,2023-10-01
i200258,Sports,ProFit,219.04,125.09,2024-04-28
i200259,Sports,MoveWell,141.29,82.62,2025-12-13
i200260,Fashion,TrendWear,152.64,79.22,2025-07-05
i200261,Electronics,NovaTek,1490.22,1056.72,2025-01-08
i200262,Beauty,PureSkin,174.93,77.73,2023-07-16
i200263,Electronics,Techio,2189.25,1552.2,2025-10-10
i200264,Electronics,ElecMax,1079.29,831.23,2025-10-08
i200265,Electronics,GigaPro,913.77,617.01,2025-12-14
i200266,Home,CasaBella,131.53,75.14,2024-10-17
i200267,Fashion,TrendWear,78.11,46.95,2024-11-10
i200268,Toys,FunTime,68.59,41.19,2025-07-31
i200269,Grocery,PantryPlus,80.42,34.64,2025-02-05
i200270,Home,CasaBella,63.38,31.24,2025-05-24
i200271,Beauty,GlowUp,118.95,68.37,2023-10-15
i200272,Grocery,FreshFarm,165.1,112.23,2024-09-01
i200273,Beauty,GlowUp,130.58,89.0,2025-06-28
i200274,Beauty,GlowUp,264.92,132.75,2024-05-16
i200275,Home,ComfortCo,165.9,87.7,2023-06-28
i200276,Fashion,UrbanStyle,216.35,139.57,2024-07-02
i200277,Home,ComfortCo,175.44,83.12,2025-03-13
i200278,Grocery,FreshFarm,106.15,72.89,2024-08-02
i200279,Fashion,UrbanStyle,84.18,60.14,2024-10-11
i200280,Fashion,TrendWear,800.0,388.74,2024-12-27
i200281,Toys,FunTime,55.38,23.06,2024-04-03
i200282,Fashion,UrbanStyle,237.61,138.34,2025-02-17
i200283,Grocery,FreshFarm,92.38,72.29,2025-08-25
i200284,Sports,MoveWell,103.85,77.19,2023-11-01
i200285,Electronics,NovaTek,1148.9,708.74,2023-02-21
i200286,Beauty,PureSkin,12.5,7.3,2023-11-30
i200287,Grocery,DailyGood,59.62,35.09,2023-12-20
i200288,Grocery,DailyGood,43.27,22.95,2024-08-08
i200289,Fashion,ClassicCloth,272.36,194.29,2023-03-22
i200290,Home,CasaBella,35.75,27.3,2024-02-27
i200291,Beauty,Beautify,40.38,19.37,2023-06-26
i200292,Electronics,GigaPro,2212.82,1628.85,2024-01-25
i200293,Home,HomeEase,58.57,24.92,2025-09-28
i200294,Toys,FunTime,60.7,38.26,2025-09-10
i200295,Grocery,DailyGood,73.2,40.27,2023-06-16
i200296,Fashion,TrendWear,91.36,47.73,2025-11-29
i200297,Grocery,FreshFarm,36.83,23.84,2024-11-25
i200298,Home,CasaBella,197.14,101.48,2025-02-23
i200299,Electronics,ElecMax,4648.91,3459.96,2025-08-11
i200300,Home,CasaBella,102.27,44.05,2024-01-24
i200301,Grocery,DailyGood,49.26,34.69,2024-02-13
i200302,Grocery,FreshFarm,60.0,30.16,2025-04-07
i200303,Sports,ProFit,128.63,58.42,2025-05-07
i200304,Toys,KidJoy,57.08,40.26,2025-02-04
i200305,Grocery,DailyGood,41.1,22.41,2025-08-22
i200306,Home,CasaBella,178.07,135.58,2024-02-18
i200307,Beauty,Beautify,19.61,9.39,2024-10-10
i200308,Grocery,FreshFarm,34.18,15.48,2023-09-19
i200309,Fashion,TrendWear,460.18,323.98,2025-01-05
i200310,Grocery,PantryPlus,28.44,20.46,2024-11-12
i200311,Toys,FunTime,89.21,46.57,2023-10-07
i200312,Sports,ProFit,216.87,138.96,2024-03-15
i200313,Electronics,ElecMax,1257.67,560.75,2023-07-12
i200314,Electronics,ElecMax,1694.33,768.0,2024-10-04
i200315,Home,CasaBella,229.75,105.91,2023-04-02
i200316,Grocery,FreshFarm,154.51,114.98,2025-03-09
i200317,Toys,Playful,94.82,64.89,2024-10-01
i200318,Beauty,GlowUp,47.01,37.53,2024-08-08
i200319,Fashion,ClassicCloth,185.03,104.94,2024-07-27
i200320,Electronics,Techio,1954.43,1194.64,2025-05-07
i200321,Fashion,ClassicCloth,165.82,104.93,2024-08-13
i200322,Electronics,ElecMax,1669.97,822.74,2023-06-26
i200323,Home,CasaBella,188.83,131.49,2024-05-21
i200324,Electronics,ElecMax,5000.0,3927.56,2024-02-28
i200325,Fashion,UrbanStyle,424.92,331.02,2024-07-06
i200326,Sports,Sportive,428.85,333.45,2023-12-04
i200327,Sports,Sportive,205.97,121.49,2023-02-15
i200328,Fashion,ClassicCloth,372.2,281.34,2023-01-12
i200329,Toys,KidJoy,71.72,52.35,2024-05-31
i200330,Fashion,UrbanStyle,219.98,151.73,2025-03-10
i200331,Grocery,DailyGood,41.38,22.47,2025-12-28
i200332,Fashion,TrendWear,411.98,256.57,2025-10-14
i200333,Sports,Sportive,96.56,43.87,2024-02-02
i200334,Electronics,NovaTek,1405.17,815.09,2024-02-01
i200335,Beauty,GlowUp,177.53,129.65,2023-04-14
i200336,Fashion,UrbanStyle,256.53,173.12,2025-05-06
i200337,Home,ComfortCo,265.98,140.31,2024-11-26
i200338,Fashion,TrendWear,136.94,88.53,2024-03-28
i200339,Fashion,ClassicCloth,113.41,75.72,2023-01-19
i200340,Fashion,ClassicCloth,159.42,83.31,2024-03-17
i200341,Grocery,DailyGood,40.76,16.78,2025-06-30
i200342,Fashion,UrbanStyle,185.65,82.06,2024-01-02
i200343,Home,ComfortCo,55.7,29.02,2024-07-02
i200344,Electronics,ElecMax,602.49,382.56,2024-07-27
i200345,Fashion,TrendWear,180.32,114.87,2023-07-01
i200346,Home,ComfortCo,74.11,46.67,2024-09-25
i200347,Grocery,PantryPlus,25.71,10.97,2025-02-02
i200348,Grocery,PantryPlus,14.51,7.88,2024-10-28
i200349,Grocery,FreshFarm,82.01,39.47,2024-04-27
i200350,Fashion,TrendWear,47.12,24.58,2025-06-05
i200351,Electronics,Techio,2377.63,1870.66,2025-09-02
i200352,Toys,KidJoy,111.98,70.65,2024-11-08
i200353,Sports,MoveWell,554.07,433.08,2024-07-26
i200354,Electronics,Techio,3224.89,2531.97,2024-11-30
i200355,Toys,Playful,93.6,47.0,2024-09-18
i200356,Grocery,FreshFarm,28.5,18.13,2023-12-14
i200357,Toys,FunTime,33.76,20.67,2025-11-24
i200358,Toys,Playful,73.58,41.24,2024-05-22
i200359,Sports,MoveWell,291.96,229.23,2025-02-06
i200360,Fashion,TrendWear,133.7,96.86,2023-06-02
i200361,Sports,MoveWell,220.34,113.12,2023-01-25
i200362,Sports,Sportive,300.25,170.1,2025-10-04
i200363,Beauty,Beautify,154.54,95.3,2024-12-18
i200364,Sports,MoveWell,98.34,61.35,2023-10-19
i200365,Fashion,ClassicCloth,539.85,327.22,2023-12-05
i200366,Sports,Sportive,399.52,226.42,2025-10-06
i200367,Home,CasaBella,584.55,376.32,2025-06-24
i200368,Grocery,FreshFarm,21.67,12.12,2024-11-02
i200369,Grocery,PantryPlus,63.56,46.72,2025-03-17
i200370,Fashion,ClassicCloth,209.29,150.82,2023-11-27
i200371,Fashion,UrbanStyle,62.46,34.48,2023-07-30
i200372,Fashion,ClassicCloth,169.31,96.48,2023-10-16
i200373,Electronics,ElecMax,2143.35,1361.45,2024-09-07
i200374,Electronics,Techio,4878.08,2167.27,2023-10-22
i200375,Toys,Playful,165.52,95.91,2025-09-27
i200376,Electronics,ElecMax,1445.63,651.07,2023-05-26
i200377,Fashion,TrendWear,157.2,85.76,2023-06-08
i200378,Fashion,ClassicCloth,161.65,101.54,2023-05-02
i200379,Home,CasaBella,206.03,132.4,2023-01-22
i200380,Beauty,GlowUp,96.01,41.4,2024-05-24
i200381,Fashion,UrbanStyle,630.32,281.85,2025-07-05
i200382,Toys,Playful,66.52,32.58,2024-05-29
i200383,Sports,Sportive,40.0,24.22,2023-10-11
i200384,Fashion,TrendWear,276.01,163.08,2023-12-13
i200385,Beauty,Beautify,103.98,82.89,2025-04-20
i200386,Fashion,UrbanStyle,164.13,118.62,2025-07-15
i200387,Toys,FunTime,97.2,61.52,2023-11-23
i200388,Grocery,PantryPlus,16.41,12.37,2024-06-05
i200389,Toys,KidJoy,15.84,12.5,2025-02-23
i200390,Grocery,DailyGood,27.28,11.55,2025-09-14
i200391,Toys,KidJoy,105.2,48.07,2023-01-30
i200392,Fashion,UrbanStyle,171.63,113.97,2023-06-02
i200393,Grocery,DailyGood,128.91,75.53,2024-11-26
i200394,Electronics,ElecMax,797.93,612.08,2023-03-24
i200395,Grocery,FreshFarm,28.72,21.16,2024-12-10
i200396,Fashion,ClassicCloth,216.02,163.73,2024-10-03
i200397,Fashion,UrbanStyle,800.0,608.46,2024-03-04
i200398,Beauty,PureSkin,61.76,28.71,2025-08-22
i200399,Sports,ProFit,1000.0,785.17,2025-09-08
i200400,Sports,ProFit,214.71,92.77,2025-03-14
i200401,Sports,MoveWell,671.78,498.47,2024-04-09
i200402,Electronics,Techio,3861.85,2610.85,2023-06-25
i200403,Toys,KidJoy,46.96,31.08,2023-07-05
i200404,Toys,Playful,53.25,27.55,2024-11-04
i200405,Electronics,Techio,2011.07,1495.13,2024-11-25
i200406,Electronics,GigaPro,1535.03,764.66,2023-09-05
i200407,Grocery,PantryPlus,64.1,38.23,2023-08-27
i200408,Toys,KidJoy,48.15,31.22,2025-09-17
i200409,Sports,MoveWell,911.42,677.79,2024-04-09
i200410,Fashion,ClassicCloth,186.44,123.46,2025-10-10
i200411,Home,HomeEase,152.87,114.12,2024-05-01
i200412,Electronics,ElecMax,881.97,393.13,2023-04-04
i200413,Sports,ProFit,207.37,102.54,2024-10-17
i200414,Beauty,Beautify,59.19,34.58,2023-05-03
i200415,Grocery,FreshFarm,66.89,39.54,2025-09-02
i200416,Sports,Sportive,142.18,67.42,2023-08-01
i200417,Fashion,TrendWear,483.29,284.09,2024-10-18
i200418,Grocery,DailyGood,148.47,103.13,2024-07-12
i200419,Sports,Sportive,62.3,32.4,2023-11-17
i200420,Toys,KidJoy,171.32,115.36,2023-09-14
i200421,Sports,ProFit,463.08,351.38,2023-03-15
i200422,Home,ComfortCo,166.35,107.97,2023-12-27
i200423,Electronics,Techio,1989.41,902.04,2023-04-04
i200424,Sports,ProFit,44.21,32.22,2023-08-15
i200425,Grocery,DailyGood,29.65,17.74,2025-08-04
i200426,Grocery,DailyGood,50.16,30.85,2025-09-09
i200427,Grocery,FreshFarm,33.2,25.6,2023-06-05
i200428,Grocery,DailyGood,27.81,12.5,2025-07-14
i200429,Fashion,TrendWear,611.83,351.82,2025-12-30
i200430,Sports,Sportive,140.9,75.58,2023-09-13
i200431,Sports,ProFit,188.89,83.24,2024-04-26
i200432,Beauty,Beautify,114.54,56.62,2025-07-08
i200433,Toys,FunTime,300.0,203.02,2024-12-11
i200434,Home,ComfortCo,70.69,44.55,2023-05-12
i200435,Home,CasaBella,432.17,242.26,2024-08-25
i200436,Grocery,DailyGood,54.38,23.0,2023-07-27
i200437,Grocery,PantryPlus,116.51,81.27,2025-03-12
i200438,Grocery,PantryPlus,28.65,20.7,2023-05-29
i200439,Fashion,TrendWear,153.03,98.26,2023-04-16
i200440,Beauty,GlowUp,34.58,23.43,2025-11-22
i200441,Sports,ProFit,310.34,147.41,2024-11-22
i200442,Home,HomeEase,100.54,76.2,2023-01-07
i200443,Home,ComfortCo,39.55,16.2,2025-06-30
i200444,Home,HomeEase,361.88,180.51,2025-03-27
i200445,Beauty,GlowUp,152.72,120.07,2024-03-10
i200446,Home,CasaBella,87.35,65.33,2025-09-19
i200447,Home,ComfortCo,34.31,19.77,2023-01-06
i200448,Grocery,DailyGood,186.98,112.98,2025-12-19
i200449,Beauty,Beautify,142.62,89.25,2024-06-05
i200450,Sports,Sportive,595.27,267.76,2023-09-30
i200451,Electronics,Techio,1470.98,847.11,2025-04-12
i200452,Home,ComfortCo,122.87,68.68,2023-02-21
i200453,Electronics,Techio,757.67,389.76,2024-09-16
i200454,Home,CasaBella,255.21,105.88,2024-01-03
i200455,Grocery,FreshFarm,41.04,31.49,2025-02-20
i200456,Grocery,DailyGood,25.56,14.0,2024-02-10
i200457,Sports,ProFit,135.63,101.24,2025-01-14
i200458,Grocery,DailyGood,28.13,20.45,2023-10-13
i200459,Home,HomeEase,717.5,396.44,2024-02-27
i200460,Electronics,Techio,782.6,328.32,2024-02-17
i200461,Toys,Playful,115.41,86.27,2025-09-13
i200462,Grocery,DailyGood,43.92,28.4,2025-07-25
i200463,Toys,Playful,146.41,67.39,2025-01-10
i200464,Electronics,Techio,304.62,193.06,2024-08-04
i200465,Home,HomeEase,37.05,16.73,2023-11-16
i200466,Home,HomeEase,800.0,544.74,2024-12-02
i200467,Fashion,ClassicCloth,94.02,63.33,2023-09-29
i200468,Home,HomeEase,136.96,99.25,2025-07-30
i200469,Electronics,GigaPro,947.34,524.2,2025-03-08
i200470,Home,ComfortCo,241.82,137.61,2024-10-18
i200471,Fashion,UrbanStyle,800.0,560.72,2025-10-03
i200472,Home,HomeEase,171.72,75.08,2025-04-15
i200473,Electronics,NovaTek,640.02,279.32,2024-12-23
i200474,Grocery,DailyGood,139.36,105.78,2024-01-16
i200475,Beauty,Beautify,126.2,57.36,2025-06-29
i200476,Grocery,PantryPlus,131.05,53.19,2023-09-13
i200477,Electronics,GigaPro,4236.28,2057.96,2023-11-27
i200478,Toys,KidJoy,108.36,53.54,2024-09-20
i200479,Toys,KidJoy,225.06,129.38,2025-04-09
i200480,Grocery,DailyGood,29.08,14.54,2023-10-31
i200481,Electronics,ElecMax,1216.23,509.83,2024-04-01
i200482,Sports,ProFit,393.97,168.44,2023-07-04
i200483,Electronics,NovaTek,1156.57,680.38,2024-08-15
i200484,Fashion,TrendWear,118.7,90.6,2023-07-22
i200485,Sports,Sportive,764.76,473.73,2025-07-30
i200486,Grocery,DailyGood,25.03,19.77,2024-12-26
i200487,Electronics,ElecMax,899.31,645.84,2025-03-07
i200488,Fashion,TrendWear,136.7,89.11,2024-08-31
i200489,Home,CasaBella,29.8,17.5,2024-02-23
i200490,Home,ComfortCo,282.15,140.81,2024-07-04
i200491,Sports,MoveWell,95.85,62.11,2023-12-13
i200492,Electronics,NovaTek,1160.24,833.54,2025-02-19
i200493,Sports,MoveWell,67.31,28.26,2024-06-24
i200494,Home,CasaBella,249.07,173.68,2024-04-25
i200495,Electronics,ElecMax,543.93,374.77,2024-01-05
i200496,Beauty,PureSkin,193.9,99.65,2025-06-12
i200497,Electronics,Techio,865.33,637.21,2024-07-25
i200498,Beauty,PureSkin,173.88,112.95,2025-02-13
i200499,Home,HomeEase,117.75,61.34,2024-10-14
i200500,Home,CasaBella,160.4,106.57,2025-05-27
i200501,Grocery,DailyGood,43.42,19.07,2024-10-01
i200502,Toys,FunTime,94.22,70.52,2024-01-13
i200503,Grocery,PantryPlus,43.89,26.61,2024-06-22
i200504,Fashion,ClassicCloth,229.79,115.55,2023-03-03
i200505,Electronics,Techio,634.48,254.15,2025-12-05
i200506,Toys,Playful,33.39,20.01,2025-09-11
i200507,Grocery,DailyGood,28.09,14.55,2025-08-03
i200508,Beauty,GlowUp,222.32,138.85,2023-10-20
i200509,Home,CasaBella,277.85,173.79,2024-03-14
i200510,Toys,Playful,32.71,20.57,2023-06-11
i200511,Electronics,NovaTek,1994.69,1098.02,2024-02-15
i200512,Fashion,ClassicCloth,137.91,68.57,2024-06-20
i200513,Fashion,TrendWear,800.0,593.58,2024-12-08
i200514,Fashion,ClassicCloth,124.08,73.02,2025-07-08
i200515,Grocery,DailyGood,103.57,59.19,2025-11-02
i200516,Grocery,PantryPlus,27.86,13.39,2025-03-25
i200517,Beauty,PureSkin,72.99,36.02,2023-05-16
i200518,Grocery,PantryPlus,148.98,78.85,2024-11-19
i200519,Home,ComfortCo,216.24,171.65,2025-11-19
i200520,Electronics,NovaTek,340.83,259.82,2023-04-12
i200521,Fashion,UrbanStyle,160.0,107.49,2025-04-15
i200522,Grocery,PantryPlus,136.78,73.17,2023-10-13
i200523,Grocery,DailyGood,37.6,16.46,2024-08-23
i200524,Home,CasaBella,800.0,609.18,2023-10-15
i200525,Grocery,FreshFarm,11.52,6.58,2024-11-21
i200526,Sports,ProFit,236.2,124.67,2024-11-16
i200527,Fashion,UrbanStyle,218.71,137.22,2023-11-18
i200528,Grocery,PantryPlus,45.38,24.89,2024-08-20
i200529,Grocery,DailyGood,80.8,55.44,2025-02-27
i200530,Electronics,Techio,543.53,419.74,2024-07-10
i200531,Electronics,NovaTek,624.75,422.71,2025-09-09
i200532,Toys,Playful,58.94,38.03,2023-01-11
i200533,Sports,Sportive,200.22,108.07,2023-07-15
i200534,Home,HomeEase,138.86,107.27,2023-08-18
i200535,Home,ComfortCo,340.37,267.84,2024-06-16
i200536,Electronics,NovaTek,1052.93,524.71,2023-12-07
i200537,Fashion,TrendWear,344.49,188.21,2023-09-19
i200538,Electronics,GigaPro,547.76,405.4,2023-03-16
i200539,Sports,Sportive,264.08,177.18,2023-03-30
i200540,Home,CasaBella,67.71,38.76,2023-01-20
i200541,Grocery,PantryPlus,57.37,28.42,2023-03-13
i200542,Electronics,NovaTek,321.72,193.47,2024-10-01
i200543,Sports,MoveWell,285.05,142.49,2025-11-09
i200544,Grocery,DailyGood,200.0,121.04,2023-07-24
i200545,Toys,Playful,24.79,12.66,2024-03-19
i200546,Grocery,PantryPlus,44.17,25.63,2023-12-06
i200547,Fashion,TrendWear,279.6,190.88,2024-12-25
i200548,Electronics,GigaPro,2832.6,2227.22,2025-07-29
i200549,Fashion,ClassicCloth,242.95,125.65,2024-06-21
i200550,Beauty,GlowUp,164.97,75.73,2024-01-17
i200551,Grocery,PantryPlus,108.69,59.07,2024-11-20
i200552,Home,HomeEase,98.83,47.04,2024-02-27
i200553,Sports,MoveWell,547.09,359.4,2024-07-02
i200554,Electronics,NovaTek,3115.42,2328.96,2023-06-27
i200555,Home,HomeEase,643.1,333.44,2023-09-19
i200556,Home,HomeEase,202.95,128.2,2024-02-28
i200557,Fashion,ClassicCloth,541.35,342.0,2023-06-17
i200558,Grocery,DailyGood,40.9,19.14,2025-10-29
i200559,Grocery,FreshFarm,47.72,31.95,2024-03-17
i200560,Fashion,TrendWear,544.07,262.96,2024-11-08
i200561,Grocery,FreshFarm,68.68,49.33,2023-04-07
i200562,Fashion,TrendWear,313.58,151.9,2025-01-01
i200563,Fashion,TrendWear,113.74,68.53,2023-12-22
i200564,Grocery,FreshFarm,64.02,50.49,2023-02-18
i200565,Electronics,GigaPro,3869.57,2858.98,2024-08-19
i200566,Grocery,PantryPlus,62.69,47.21,2025-11-10
i200567,Grocery,FreshFarm,36.6,16.35,2024-04-01
i200568,Home,ComfortCo,122.65,66.13,2023-05-20
i200569,Fashion,UrbanStyle,693.27,461.25,2025-03-06
i200570,Grocery,PantryPlus,62.04,28.01,2025-04-25
i200571,Beauty,Beautify,146.8,59.08,2024-04-13
i200572,Toys,FunTime,94.5,43.77,2023-05-15
i200573,Home,CasaBella,553.64,365.12,2024-11-23
i200574,Fashion,ClassicCloth,381.22,267.08,2023-12-04
i200575,Beauty,PureSkin,72.17,29.02,2024-09-01
i200576,Electronics,GigaPro,2150.18,1682.14,2023-10-09
i200577,Fashion,UrbanStyle,78.79,60.64,2023-02-17
i200578,Toys,FunTime,129.18,80.16,2025-11-04
i200579,Home,HomeEase,237.63,109.89,2023-05-30
i200580,Sports,Sportive,217.24,94.9,2025-02-26
i200581,Electronics,ElecMax,1538.35,1220.54,2023-10-31
i200582,Electronics,ElecMax,1151.25,462.78,2025-11-19
i200583,Sports,MoveWell,233.65,145.51,2024-09-04
i200584,Grocery,FreshFarm,122.82,60.59,2023-10-28
i200585,Fashion,TrendWear,129.57,89.0,2023-10-13
i200586,Sports,Sportive,477.11,321.17,2023-02-16
i200587,Sports,Sportive,62.62,27.16,2024-05-05
i200588,Home,ComfortCo,385.98,200.58,2024-10-27
i200589,Grocery,FreshFarm,47.51,26.81,2024-10-16
i200590,Beauty,Beautify,65.49,47.19,2023-03-26
i200591,Fashion,TrendWear,191.33,152.49,2024-09-03
i200592,Electronics,ElecMax,2259.09,1257.85,2023-03-16
i200593,Beauty,PureSkin,49.29,37.33,2023-04-14
i200594,Grocery,FreshFarm,63.8,43.51,2024-04-19
i200595,Beauty,PureSkin,97.35,57.07,2024-03-04
i200596,Electronics,NovaTek,4386.27,3456.77,2025-09-10
i200597,Home,ComfortCo,528.71,364.33,2025-03-30
i200598,Grocery,PantryPlus,51.21,28.15,2025-10-04
i200599,Fashion,ClassicCloth,499.51,348.82,2025-07-08
i200600,Grocery,PantryPlus,68.77,27.64,2023-08-26
i200601,Beauty,PureSkin,77.59,61.49,2024-07-17
i200602,Toys,KidJoy,28.54,22.38,2023-08-11
i200603,Home,ComfortCo,307.8,159.71,2024-07-13
i200604,Grocery,FreshFarm,130.3,103.19,2023-01-23
i200605,Electronics,GigaPro,545.16,406.17,2024-05-18
i200606,Grocery,DailyGood,11.28,5.94,2024-09-12
i200607,Sports,MoveWell,172.41,123.42,2025-04-01
i200608,Sports,ProFit,341.86,255.94,2023-05-17
i200609,Fashion,ClassicCloth,56.01,30.02,2023-10-29
i200610,Home,ComfortCo,115.18,83.16,2023-03-14
i200611,Sports,Sportive,453.65,345.83,2025-07-09
i200612,Grocery,DailyGood,24.12,10.73,2024-08-22
i200613,Home,CasaBella,185.1,107.77,2025-12-14
i200614,Grocery,FreshFarm,12.36,5.4,2024-11-26
i200615,Electronics,NovaTek,1596.95,849.82,2024-10-19
i200616,Home,ComfortCo,119.17,48.32,2024-12-06
i200617,Electronics,ElecMax,2055.5,1219.58,2024-04-23
i200618,Fashion,ClassicCloth,276.35,131.55,2025-04-18
i200619,Sports,MoveWell,491.58,350.03,2025-04-16
i200620,Fashion,TrendWear,363.57,145.98,2023-09-04
i200621,Beauty,PureSkin,14.57,9.84,2024-10-31
i200622,Beauty,PureSkin,56.32,31.91,2024-08-14
i200623,Home,ComfortCo,466.09,201.14,2024-12-05
i200624,Fashion,ClassicCloth,450.1,190.95,2025-09-27
i200625,Fashion,TrendWear,36.14,28.82,2024-03-28
i200626,Beauty,GlowUp,38.81,28.8,2024-02-12
i200627,Grocery,FreshFarm,99.18,52.91,2025-05-15
i200628,Fashion,TrendWear,800.0,511.82,2025-02-28
i200629,Toys,Playful,84.49,64.83,2023-10-29
i200630,Electronics,Techio,1906.34,1229.39,2025-06-22
i200631,Electronics,Techio,317.34,168.84,2023-01-31
i200632,Home,HomeEase,389.57,194.43,2024-03-13
i200633,Fashion,UrbanStyle,30.0,23.79,2025-12-03
i200634,Sports,MoveWell,347.09,199.56,2023-08-08
i200635,Home,ComfortCo,150.54,106.81,2023-10-24
i200636,Electronics,GigaPro,1529.3,992.9,2023-09-20
i200637,Sports,MoveWell,429.42,340.31,2023-01-24
i200638,Grocery,FreshFarm,49.44,27.52,2024-10-19
i200639,Grocery,FreshFarm,15.7,8.33,2025-12-12
i200640,Grocery,DailyGood,17.3,9.26,2023-07-05
i200641,Electronics,GigaPro,3759.28,2278.85,2025-04-11
i200642,Toys,KidJoy,142.14,72.47,2024-03-13
i200643,Fashion,ClassicCloth,118.9,82.56,2025-11-19
i200644,Grocery,FreshFarm,25.35,10.93,2025-02-16
i200645,Electronics,GigaPro,331.5,240.84,2024-12-29
i200646,Grocery,DailyGood,26.23,18.03,2023-01-12
i200647,Sports,ProFit,1000.0,798.31,2024-04-22
i200648,Electronics,NovaTek,1358.41,716.95,2025-09-19
i200649,Grocery,DailyGood,43.91,20.17,2024-07-05
i200650,Grocery,DailyGood,63.82,44.7,2025-01-29
i200651,Sports,MoveWell,58.67,30.99,2024-05-28
i200652,Fashion,ClassicCloth,800.0,537.53,2024-08-02
i200653,Beauty,Beautify,51.78,31.76,2024-01-21
i200654,Electronics,Techio,1605.94,901.62,2024-06-24
i200655,Sports,MoveWell,1000.0,777.9,2024-01-01
i200656,Grocery,FreshFarm,200.0,111.31,2023-06-08
i200657,Home,ComfortCo,88.21,61.17,2024-03-29
i200658,Fashion,UrbanStyle,146.27,61.46,2024-01-17
i200659,Grocery,DailyGood,18.95,12.92,2023-05-25
i200660,Electronics,ElecMax,846.18,421.37,2023-07-19
i200661,Fashion,UrbanStyle,800.0,595.98,2023-10-08
i200662,Grocery,DailyGood,83.14,43.83,2023-08-06
i200663,Toys,KidJoy,154.96,115.14,2024-04-26
i200664,Electronics,GigaPro,931.84,567.85,2025-04-09
i200665,Fashion,ClassicCloth,194.04,101.06,2023-05-30
i200666,Beauty,GlowUp,89.42,60.48,2025-05-16
i200667,Toys,Playful,18.57,14.68,2025-06-08
i200668,Home,HomeEase,90.35,53.78,2023-08-02
i200669,Home,CasaBella,57.69,33.8,2024-11-14
i200670,Grocery,PantryPlus,76.04,35.04,2023-01-12
i200671,Home,HomeEase,152.82,121.11,2023-12-03
i200672,Fashion,UrbanStyle,629.04,469.81,2023-09-29
i200673,Sports,Sportive,490.77,361.98,2023-02-27
i200674,Beauty,Beautify,55.18,36.82,2025-12-16
i200675,Grocery,PantryPlus,17.73,9.61,2025-01-01
i200676,Beauty,GlowUp,13.86,9.01,2024-12-25
i200677,Home,HomeEase,313.3,203.81,2023-06-18
i200678,Grocery,PantryPlus,41.25,26.37,2024-10-05
i200679,Toys,Playful,64.93,31.57,2024-11-18
i200680,Home,HomeEase,219.17,149.36,2023-07-20
i200681,Toys,Playful,52.47,24.99,2024-11-26
i200682,Fashion,TrendWear,169.86,78.7,2024-07-16
i200683,Beauty,GlowUp,152.35,112.58,2023-09-05
i200684,Grocery,DailyGood,87.45,42.03,2024-05-14
i200685,Electronics,GigaPro,1064.89,760.56,2023-04-14
i200686,Home,ComfortCo,210.08,153.88,2024-07-12
i200687,Sports,ProFit,620.79,462.77,2023-01-03
i200688,Electronics,GigaPro,318.81,151.07,2023-01-07
i200689,Electronics,NovaTek,1620.33,1005.54,2024-09-28
i200690,Sports,MoveWell,295.94,148.88,2024-09-15
i200691,Grocery,DailyGood,121.96,59.97,2024-06-12
i200692,Beauty,PureSkin,282.06,182.99,2024-01-07
i200693,Home,ComfortCo,90.81,47.8,2023-01-24
i200694,Electronics,NovaTek,3129.59,1515.53,2024-08-22
i200695,Grocery,FreshFarm,112.17,54.97,2025-08-31
i200696,Grocery,DailyGood,85.13,40.1,2023-09-25
i200697,Toys,FunTime,54.99,22.8,2023-07-15
i200698,Home,CasaBella,140.84,86.8,2025-02-10
i200699,Fashion,ClassicCloth,458.11,233.91,2025-08-09
i200700,Fashion,TrendWear,296.84,234.73,2025-06-10
i200701,Electronics,NovaTek,2464.76,1321.88,2024-08-14
i200702,Home,HomeEase,124.44,61.42,2025-04-19
i200703,Toys,KidJoy,300.0,133.24,2024-03-13
i200704,Toys,FunTime,107.73,51.14,2024-03-20
i200705,Home,CasaBella,496.24,209.55,2024-07-06
i200706,Fashion,TrendWear,298.94,231.53,2023-09-24
i200707,Fashion,TrendWear,464.58,352.94,2024-08-08
i200708,Home,HomeEase,46.36,21.2,2024-10-03
i200709,Grocery,FreshFarm,15.96,11.39,2023-06-01
i200710,Fashion,TrendWear,307.64,195.35,2025-10-18
i200711,Home,CasaBella,39.7,19.4,2025-12-07
i200712,Grocery,FreshFarm,61.75,41.13,2023-08-21
i200713,Sports,ProFit,804.78,445.26,2024-02-14
i200714,Beauty,GlowUp,173.75,122.03,2025-08-18
i200715,Electronics,GigaPro,1598.65,974.84,2025-01-18
i200716,Electronics,ElecMax,1202.68,632.02,2024-03-16
i200717,Home,CasaBella,512.67,244.92,2024-06-02
i200718,Home,HomeEase,78.08,45.56,2024-10-16
i200719,Grocery,DailyGood,93.57,48.86,2023-08-20
i200720,Grocery,PantryPlus,115.97,79.1,2023-02-26
i200721,Fashion,UrbanStyle,250.48,175.36,2025-01-31
i200722,Home,ComfortCo,496.64,208.5,2025-07-14
i200723,Home,HomeEase,413.37,327.57,2024-12-07
i200724,Electronics,ElecMax,603.97,444.41,2023-05-21
i200725,Home,HomeEase,164.62,88.89,2025-12-14
i200726,Electronics,NovaTek,1445.9,713.77,2023-08-26
i200727,Grocery,FreshFarm,20.95,14.17,2024-11-05
i200728,Sports,Sportive,346.88,204.16,2023-09-23
i200729,Sports,ProFit,187.31,122.64,2025-05-10
i200730,Electronics,NovaTek,2141.0,1495.59,2024-04-24
i200731,Fashion,ClassicCloth,662.47,304.3,2023-07-29
i200732,Fashion,ClassicCloth,214.87,103.23,2024-08-27
i200733,Grocery,DailyGood,16.36,6.61,2025-05-13
i200734,Toys,Playful,138.9,74.66,2025-09-09
i200735,Fashion,ClassicCloth,86.77,46.75,2025-09-27
i200736,Toys,FunTime,58.2,43.16,2023-09-17
i200737,Electronics,ElecMax,1495.66,1177.27,2025-09-07
i200738,Home,CasaBella,130.17,98.69,2025-08-15
i200739,Home,CasaBella,382.42,225.54,2023-05-03
i200740,Toys,KidJoy,107.0,70.21,2025-05-06
i200741,Grocery,FreshFarm,10.92,6.44,2023-09-30
i200742,Sports,ProFit,357.52,216.31,2024-12-26
i200743,Sports,Sportive,274.38,164.84,2023-10-20
i200744,Beauty,PureSkin,57.58,31.67,2023-07-07
i200745,Beauty,Beautify,17.14,10.6,2023-03-30
i200746,Home,CasaBella,363.97,197.06,2023-01-24
i200747,Electronics,ElecMax,2185.38,1316.73,2025-12-26
i200748,Home,CasaBella,83.92,57.94,2023-03-02
i200749,Fashion,TrendWear,135.98,78.36,2024-08-11
i200750,Fashion,UrbanStyle,652.67,442.04,2025-03-21
i200751,Toys,KidJoy,33.38,20.01,2023-06-08
i200752,Electronics,GigaPro,860.25,488.59,2023-04-20
i200753,Beauty,Beautify,108.33,73.72,2023-05-27
i200754,Home,ComfortCo,800.0,466.91,2024-07-27
i200755,Home,HomeEase,136.6,93.42,2023-05-23
i200756,Home,CasaBella,258.26,123.36,2025-08-08
i200757,Fashion,ClassicCloth,127.79,66.8,2023-07-11
i200758,Grocery,DailyGood,99.06,77.95,2024-10-08
i200759,Home,HomeEase,27.71,16.9,2024-03-19
i200760,Beauty,PureSkin,171.93,123.8,2025-08-31
i200761,Toys,Playful,149.94,92.61,2023-03-12
i200762,Grocery,FreshFarm,137.82,72.04,2025-10-13
i200763,Electronics,GigaPro,1410.24,768.82,2025-11-03
i200764,Toys,Playful,48.04,30.97,2025-09-19
i200765,Home,CasaBella,214.75,128.17,2025-01-31
i200766,Grocery,DailyGood,142.49,72.72,2023-11-16
i200767,Electronics,Techio,816.42,364.87,2025-11-24
i200768,Sports,MoveWell,968.64,425.68,2025-05-01
i200769,Toys,FunTime,289.22,176.85,2024-02-05
i200770,Beauty,Beautify,196.57,113.55,2024-08-10
i200771,Fashion,ClassicCloth,362.25,148.0,2023-01-05
i200772,Home,CasaBella,104.78,78.95,2025-03-02
i200773,Electronics,NovaTek,4900.72,2247.7,2024-06-18
i200774,Toys,KidJoy,42.12,23.27,2023-02-24
i200775,Electronics,GigaPro,4738.24,2112.74,2023-07-04
i200776,Beauty,PureSkin,37.08,25.19,2024-08-11
i200777,Electronics,GigaPro,351.66,150.7,2025-07-09
i200778,Fashion,ClassicCloth,238.89,181.64,2023-11-06
i200779,Electronics,NovaTek,3087.71,1744.26,2024-11-20
i200780,Sports,MoveWell,491.56,261.41,2023-02-21
i200781,Home,HomeEase,143.66,65.84,2023-12-28
i200782,Fashion,TrendWear,331.87,187.0,2024-03-11
i200783,Toys,Playful,39.43,26.95,2023-07-30
i200784,Sports,MoveWell,283.79,134.74,2024-01-24
i200785,Toys,FunTime,91.17,71.23,2024-01-19
i200786,Sports,MoveWell,80.96,41.51,2023-07-17
i200787,Grocery,PantryPlus,119.0,56.85,2025-04-15
i200788,Toys,KidJoy,67.78,32.28,2023-11-15
i200789,Toys,KidJoy,37.61,26.54,2023-01-11
i200790,Electronics,GigaPro,669.38,272.27,2023-03-06
i200791,Electronics,NovaTek,980.64,486.21,2025-10-04
i200792,Beauty,GlowUp,76.2,55.02,2024-03-15
i200793,Fashion,UrbanStyle,300.1,142.23,2023-11-21
i200794,Beauty,PureSkin,222.21,127.96,2025-11-19
i200795,Toys,FunTime,175.58,122.82,2024-02-10
i200796,Fashion,UrbanStyle,366.75,242.87,2025-10-07
i200797,Grocery,FreshFarm,69.65,42.58,2025-02-28
i200798,Fashion,UrbanStyle,252.72,138.99,2023-03-30
i200799,Fashion,UrbanStyle,115.16,65.62,2025-02-23
i200800,Beauty,PureSkin,10.0,6.17,2023-10-24
i200801,Beauty,PureSkin,67.51,38.63,2023-11-24
i200802,Grocery,PantryPlus,34.35,20.54,2024-01-05
i200803,Home,CasaBella,178.52,75.16,2023-06-13
i200804,Beauty,PureSkin,19.45,14.12,2024-09-13
i200805,Grocery,PantryPlus,24.24,9.96,2024-12-30
i200806,Sports,ProFit,468.13,317.81,2025-06-21
i200807,Beauty,Beautify,61.81,40.22,2025-03-04
i200808,Grocery,FreshFarm,71.78,35.4,2024-05-15
i200809,Toys,FunTime,159.62,73.57,2024-08-24
i200810,Electronics,Techio,699.42,365.06,2024-07-08
i200811,Fashion,ClassicCloth,124.64,82.45,2023-03-25
i200812,Toys,Playful,298.19,142.9,2025-12-19
i200813,Sports,MoveWell,316.09,224.59,2025-12-03
i200814,Fashion,ClassicCloth,120.98,61.77,2024-12-18
i200815,Fashion,TrendWear,98.05,72.47,2023-06-28
i200816,Beauty,Beautify,59.02,41.86,2025-12-12
i200817,Fashion,UrbanStyle,421.41,211.65,2024-09-01
i200818,Toys,KidJoy,49.41,35.66,2024-12-08
i200819,Fashion,ClassicCloth,357.52,206.07,2025-03-27
i200820,Toys,Playful,44.77,26.25,2024-11-03
i200821,Fashion,UrbanStyle,56.81,41.94,2024-11-05
i200822,Electronics,ElecMax,564.83,284.52,2023-04-18
i200823,Grocery,FreshFarm,16.08,8.71,2025-04-23
i200824,Toys,Playful,39.6,16.3,2024-03-04
i200825,Home,HomeEase,276.48,210.43,2023-04-23
i200826,Fashion,UrbanStyle,401.68,276.29,2023-06-23
i200827,Electronics,Techio,619.35,323.47,2024-03-19
i200828,Fashion,UrbanStyle,73.66,36.37,2025-10-21
i200829,Fashion,ClassicCloth,634.68,429.14,2025-12-02
i200830,Home,CasaBella,185.74,84.64,2024-04-08
i200831,Home,ComfortCo,721.14,402.77,2024-08-11
i200832,Home,ComfortCo,67.33,38.31,2025-01-01
i200833,Toys,KidJoy,72.4,53.66,2024-06-03
i200834,Fashion,ClassicCloth,535.94,339.83,2023-12-01
i200835,Beauty,PureSkin,47.85,28.0,2024-12-13
i200836,Home,ComfortCo,488.86,283.97,2023-07-01
i200837,Grocery,PantryPlus,66.15,40.54,2023-09-10
i200838,Sports,Sportive,229.99,119.33,2025-01-14
i200839,Grocery,DailyGood,74.01,38.56,2023-11-11
i200840,Grocery,DailyGood,127.8,89.95,2025-01-29
i200841,Electronics,GigaPro,2787.97,1421.45,2024-10-12
i200842,Toys,Playful,92.56,48.23,2023-04-22
i200843,Home,ComfortCo,133.37,57.77,2025-02-01
i200844,Beauty,PureSkin,109.65,51.85,2025-03-11
i200845,Sports,ProFit,327.72,240.45,2025-10-13
i200846,Toys,FunTime,38.77,24.88,2023-05-14
i200847,Beauty,Beautify,237.16,178.25,2025-05-09
i200848,Fashion,TrendWear,262.95,153.33,2025-07-03
i200849,Grocery,DailyGood,72.37,53.97,2025-10-21
i200850,Fashion,TrendWear,95.18,46.04,2024-10-03
i200851,Home,CasaBella,99.9,44.14,2023-10-15
i200852,Fashion,ClassicCloth,102.9,66.03,2025-06-01
i200853,Grocery,PantryPlus,34.83,18.08,2025-09-19
i200854,Sports,ProFit,154.95,72.69,2024-08-29
i200855,Home,HomeEase,247.95,172.88,2025-10-02
i200856,Home,HomeEase,159.58,74.22,2025-08-08
i200857,Electronics,GigaPro,5000.0,3485.64,2023-06-16
i200858,Fashion,UrbanStyle,131.57,89.5,2025-11-10
i200859,Fashion,ClassicCloth,138.22,78.25,2023-05-25
i200860,Fashion,ClassicCloth,115.65,70.93,2025-07-05
i200861,Fashion,ClassicCloth,143.29,98.55,2023-08-23
i200862,Sports,Sportive,159.45,105.82,2023-06-28
i200863,Beauty,PureSkin,37.28,24.52,2023-08-16
i200864,Fashion,TrendWear,125.62,50.58,2023-04-07
i200865,Fashion,TrendWear,98.12,73.89,2024-08-09
i200866,Toys,Playful,92.06,55.25,2025-02-19
i200867,Beauty,GlowUp,46.01,34.8,2023-09-30
i200868,Grocery,DailyGood,43.4,28.2,2024-04-21
i200869,Beauty,GlowUp,146.19,86.52,2025-09-22
i200870,Fashion,UrbanStyle,800.0,521.9,2024-03-13
i200871,Grocery,FreshFarm,77.1,43.33,2024-05-10
i200872,Electronics,Techio,4086.73,2744.7,2023-04-12
i200873,Grocery,DailyGood,63.9,49.88,2023-05-08
i200874,Electronics,ElecMax,1001.49,429.0,2023-12-06
i200875,Sports,ProFit,275.11,180.19,2024-12-03
i200876,Grocery,PantryPlus,59.36,34.36,2024-06-12
i200877,Electronics,NovaTek,5000.0,2177.52,2025-03-05
i200878,Grocery,PantryPlus,69.04,33.0,2023-10-22
i200879,Fashion,TrendWear,246.37,138.69,2024-01-21
i200880,Fashion,ClassicCloth,315.21,218.63,2025-09-05
i200881,Fashion,UrbanStyle,435.69,185.15,2025-12-27
i200882,Fashion,TrendWear,333.92,235.06,2025-10-04
i200883,Fashion,TrendWear,58.34,28.1,2023-07-12
i200884,Home,CasaBella,93.25,57.26,2023-02-25
i200885,Fashion,UrbanStyle,186.79,122.1,2025-10-22
i200886,Beauty,PureSkin,17.33,13.31,2023-12-05
i200887,Electronics,GigaPro,341.8,258.74,2024-11-17
i200888,Toys,Playful,183.27,82.23,2023-01-11
i200889,Beauty,PureSkin,21.35,10.88,2025-03-23
i200890,Electronics,Techio,2278.5,1092.73,2024-06-20
i200891,Grocery,FreshFarm,17.5,11.93,2024-02-05
i200892,Fashion,UrbanStyle,72.72,32.41,2024-02-09
i200893,Fashion,UrbanStyle,221.22,152.04,2023-04-22
i200894,Fashion,TrendWear,225.64,176.49,2023-06-16
i200895,Toys,FunTime,300.0,160.79,2024-06-26
i200896,Electronics,GigaPro,765.86,482.43,2024-05-27
i200897,Toys,Playful,150.62,73.08,2023-11-13
i200898,Sports,ProFit,369.28,265.98,2023-07-05
i200899,Fashion,ClassicCloth,144.79,88.87,2023-06-15
i200900,Grocery,PantryPlus,13.28,6.78,2024-06-28
i200901,Beauty,Beautify,48.68,19.71,2023-04-20
i200902,Beauty,GlowUp,34.36,22.47,2024-05-10
i200903,Toys,FunTime,60.39,29.75,2024-12-27
i200904,Sports,ProFit,633.17,317.9,2023-11-27
i200905,Grocery,PantryPlus,64.77,34.96,2025-07-24
i200906,Home,ComfortCo,93.92,57.5,2025-04-01
i200907,Toys,FunTime,26.44,14.28,2023-04-08
i200908,Electronics,Techio,2976.75,1374.83,2025-02-11
i200909,Sports,ProFit,339.34,250.78,2024-12-10
i200910,Grocery,PantryPlus,87.58,37.38,2024-08-06
i200911,Sports,MoveWell,447.87,283.48,2024-07-13
i200912,Fashion,ClassicCloth,242.98,100.7,2024-02-23
i200913,Beauty,Beautify,24.0,16.11,2024-08-30
i200914,Grocery,PantryPlus,200.0,122.19,2023-04-30
i200915,Fashion,TrendWear,205.67,96.06,2023-09-30
i200916,Toys,KidJoy,30.53,12.96,2024-02-27
i200917,Home,ComfortCo,671.26,358.93,2023-07-23
i200918,Grocery,DailyGood,127.48,100.26,2023-07-29
i200919,Home,ComfortCo,248.43,181.23,2023-12-08
i200920,Grocery,DailyGood,19.69,14.96,2024-04-27
i200921,Electronics,GigaPro,2162.9,1103.3,2024-07-21
i200922,Fashion,UrbanStyle,136.41,90.11,2025-07-10
i200923,Toys,KidJoy,76.53,50.96,2025-04-28
i200924,Toys,KidJoy,122.5,66.48,2024-09-06
i200925,Fashion,TrendWear,348.89,184.2,2025-09-14
i200926,Beauty,Beautify,64.46,33.38,2023-03-20
i200927,Electronics,ElecMax,2466.89,1128.6,2024-04-02
i200928,Electronics,Techio,397.19,302.97,2025-03-23
i200929,Electronics,Techio,5000.0,2672.67,2025-09-23
i200930,Fashion,UrbanStyle,232.84,180.86,2025-02-26
i200931,Fashion,ClassicCloth,57.36,37.24,2024-06-12
i200932,Electronics,ElecMax,1137.28,510.5,2023-09-25
i200933,Fashion,TrendWear,800.0,588.56,2024-01-05
i200934,Grocery,FreshFarm,34.46,15.79,2023-10-10
i200935,Beauty,GlowUp,68.16,27.94,2025-07-11
i200936,Fashion,ClassicCloth,85.42,55.87,2024-11-01
i200937,Home,HomeEase,163.0,68.32,2025-02-19
i200938,Beauty,GlowUp,100.5,70.36,2023-05-09
i200939,Home,HomeEase,263.17,127.01,2023-03-04
i200940,Grocery,DailyGood,61.05,24.56,2025-10-28
i200941,Fashion,UrbanStyle,338.8,137.49,2025-01-17
i200942,Electronics,GigaPro,2190.96,1157.88,2023-06-11
i200943,Toys,Playful,264.13,175.98,2025-09-25
i200944,Toys,FunTime,83.2,48.42,2024-08-02
i200945,Grocery,FreshFarm,27.24,10.91,2024-01-24
i200946,Grocery,DailyGood,34.84,21.4,2024-04-04
i200947,Home,CasaBella,215.56,113.81,2025-08-31
i200948,Toys,Playful,114.6,78.23,2023-06-02
i200949,Grocery,PantryPlus,21.39,11.69,2025-07-10
i200950,Grocery,DailyGood,185.22,134.36,2025-09-12
i200951,Fashion,TrendWear,109.53,67.32,2025-05-18
i200952,Toys,KidJoy,89.63,57.53,2023-10-20
i200953,Grocery,FreshFarm,53.18,22.12,2025-02-15
i200954,Sports,MoveWell,93.2,60.41,2025-03-16
i200955,Fashion,ClassicCloth,463.27,197.35,2025-11-15
i200956,Electronics,Techio,506.15,212.4,2024-04-17
i200957,Electronics,GigaPro,309.42,211.92,2025-11-20
i200958,Fashion,TrendWear,226.27,127.4,2023-09-12
i200959,Sports,Sportive,250.94,183.85,2023-06-27
i200960,Home,HomeEase,24.68,19.43,2025-09-12
i200961,Home,CasaBella,74.6,56.24,2023-05-16
i200962,Electronics,Techio,1212.73,922.41,2025-06-26
i200963,Fashion,UrbanStyle,132.25,56.97,2023-07-07
i200964,Beauty,GlowUp,41.05,17.91,2024-10-04
i200965,Sports,ProFit,167.81,93.73,2025-07-13
i200966,Grocery,FreshFarm,31.3,24.72,2025-03-15
i200967,Beauty,GlowUp,113.62,47.17,2023-11-01
i200968,Home,ComfortCo,274.85,148.95,2024-05-04
i200969,Toys,KidJoy,109.25,68.22,2024-02-03
i200970,Grocery,PantryPlus,60.13,26.51,2024-09-02
i200971,Home,CasaBella,164.22,115.91,2025-11-24
i200972,Toys,Playful,67.23,39.54,2023-08-12
i200973,Grocery,DailyGood,167.29,82.53,2025-05-06
i200974,Fashion,TrendWear,232.98,156.46,2025-01-02
i200975,Beauty,PureSkin,87.01,53.56,2024-08-01
i200976,Fashion,ClassicCloth,65.87,35.97,2025-03-09
i200977,Home,ComfortCo,408.58,302.33,2023-05-05
i200978,Beauty,Beautify,59.3,27.01,2025-01-30
i200979,Grocery,DailyGood,22.09,12.98,2024-01-08
i200980,Electronics,NovaTek,601.29,386.76,2024-12-03
i200981,Grocery,PantryPlus,47.96,22.15,2025-07-16
i200982,Electronics,GigaPro,1559.85,1104.46,2025-10-05
i200983,Fashion,UrbanStyle,216.41,127.35,2025-03-24
i200984,Electronics,ElecMax,4646.86,2071.91,2024-05-12
i200985,Toys,KidJoy,177.49,128.66,2024-06-01
i200986,Electronics,ElecMax,3734.37,2052.28,2023-01-28
i200987,Grocery,DailyGood,147.38,109.12,2024-05-06
i200988,Grocery,PantryPlus,21.39,16.39,2023-06-05
i200989,Fashion,UrbanStyle,250.83,116.5,2023-05-26
i200990,Grocery,PantryPlus,149.95,104.93,2025-06-18
i200991,Fashion,UrbanStyle,324.48,157.12,2023-07-28
i200992,Fashion,TrendWear,144.98,68.32,2024-01-30
i200993,Fashion,TrendWear,179.96,82.67,2024-02-03
i200994,Beauty,GlowUp,57.31,35.2,2024-04-11
i200995,Grocery,PantryPlus,75.26,43.94,2023-04-09
i200996,Electronics,ElecMax,270.6,144.95,2025-06-14
i200997,Fashion,ClassicCloth,548.25,296.1,2024-04-23
i200998,Fashion,UrbanStyle,253.73,185.59,2023-05-31
i200999,Electronics,ElecMax,2961.69,1946.98,2023-11-20
